<?xml version="1.0" encoding="utf-8"?>
<SoundBanksInfo Platform="Windows" BasePlatform="Windows" SchemaVersion="12" SoundbankVersion="135">
	<RootPaths>
		<ProjectRoot>C:\Users\acer10\Desktop\Facultad\Image Campus\Segundo aNIo\Desarrollo de VJ 3\DVJ3\DVJ3-Proy\DVJ3-Proy_WwiseProject\</ProjectRoot>
		<SourceFilesRoot>C:\Users\acer10\Desktop\Facultad\Image Campus\Segundo aNIo\Desarrollo de VJ 3\DVJ3\DVJ3-Proy\DVJ3-Proy_WwiseProject\.cache\Windows\</SourceFilesRoot>
		<SoundBanksRoot>C:\Users\acer10\Desktop\Facultad\Image Campus\Segundo aNIo\Desarrollo de VJ 3\DVJ3\DVJ3-Proy\DVJ3-Proy_WwiseProject\GeneratedSoundBanks\Windows\</SoundBanksRoot>
		<ExternalSourcesInputFile></ExternalSourcesInputFile>
		<ExternalSourcesOutputRoot>C:\Users\acer10\Desktop\Facultad\Image Campus\Segundo aNIo\Desarrollo de VJ 3\DVJ3\DVJ3-Proy\DVJ3-Proy_WwiseProject\GeneratedSoundBanks\Windows</ExternalSourcesOutputRoot>
	</RootPaths>
	<DialogueEvents/>
	<StreamedFiles/>
	<MediaFilesNotInAnyBank/>
	<SoundBanks>
		<SoundBank Id="1355168291" Language="SFX" Hash="4204904655">
			<ObjectPath>Init</ObjectPath>
			<ShortName>Init</ShortName>
			<Path>Init.bnk</Path>
		</SoundBank>
	</SoundBanks>
</SoundBanksInfo>
